{"cameraMode":{"drawMode":0,"name":"Shaded","section":"Shading Mode"},"sceneLighting":true,"audioPlay":false,"sceneViewState":{"showFog":true,"showMaterialUpdate":false,"showSkybox":true,"showFlares":true,"showImageEffects":true,"showParticleSystems":true},"in2DMode":false,"pivot":{"x":-2.3897457122802736,"y":-6.318059921264648,"z":4.254861831665039},"rotation":{"x":-0.37444624304771426,"y":0.09212475270032883,"z":-0.037417221814394,"w":-0.9219073057174683},"size":27.41600227355957,"orthographic":false}